<TREEBANK>
  <TREE>
    <S1 cat="S1" node="10">
      <S cat="S" node="9">
        <NP cat="NP" node="3">
          <DT argpat="xe" cat="DT" lex="the" node="1" root="the">the</DT>
          <NN cat="NN" lex="heart" node="2" predpos="-nn" root="heart">heart</NN>
        </NP>
        <VP cat="VP" node="8">
          <AUX cat="AUX" exsubjpred="exist" form="tensed" lex="is" node="4" predcomp="t" predpos="-vb" predpred="be" root="be" tense="Present">is</AUX>
          <NP cat="NP" node="7">
            <DT argpat="xe" cat="DT" lex="a" node="5" root="a">a</DT>
            <NN cat="NN" lex="pump" node="6" predpos="-nn" root="pump">pump</NN>
          </NP>
        </VP>
      </S>
    </S1>
  </TREE>
</TREEBANK>
